Date Posted,Job Title,Company
"2026-05-15","Design Engineer","Quorum Cyber"
"2026-05-15","Design and Graphic Lead",""
"2026-05-15","Technology Talent Sourcer","Capco"
"2026-05-16","Design Engineer","Quorum Cyber"
"2026-05-15","Technology Talent Sourcer","Capco"
"2026-05-15","Design and Graphic Lead","The UK Agri-Tech Centre"
"2026-05-13","Senior Technical Analyst, Wealth Management Europe (Edinburgh)","Royal Bank of Canada"
"2026-05-16","Senior Content Designer, Ads","myGwork - LGBTQ+ Business Community"
"2026-05-16","Senior Oracle Fusion Technical Consultant (Cloud Extension Focussed) (Inside IR35 Contract)","Version 1"
"2026-05-15","Senior Product Designer","Centrica"
"2026-05-15","Design Engineer","Quorum Cyber"
"2026-05-15","Senior Content Designer (6 Month FTC)","Trustpilot"
"2026-05-15","Senior Content Designer, Ads","Skyscanner"
"2026-05-15","Technology Talent Sourcer","Capco"
"2026-05-15","Senior Oracle Fusion Technical Consultant (Outside IR35 Contract)","Version 1"
"2026-05-14","Product Engineer","Wordsmith AI"
"2026-05-14","Lead Engineer","Nile"
"2026-05-14","Senior Software Engineer","Cathcart Technology"
"2026-05-13","UX Designer","M&G"
"2026-05-13","UX/UI Developer","N-able"
"2026-05-16","Payments Product Owner/Customer Journey Manager 12 Month Contract","FORTE ICT"
"2026-05-16","Beauty Expert","Sainsbury's"
"2026-05-16","Head of Student Success and Experience","Heriot-Watt University"
"2026-05-16","Systems Trainer","GoFibre"
"2026-05-16","Consultant Transport Planner - Scotland","Arcadis"
"2026-05-16","HR Digital Senior Manager","Wood Mackenzie"
"2026-05-16","Tour Guide","Scottish Rugby"
"2026-05-16","Private Analytics Stewardship, Associate","BlackRock"
"2026-05-16","2026/2027 UK Graduate Process Engineering Career Path: Water Sector","myGwork - LGBTQ+ Business Community"
"2026-05-18","Lead Frontend Engineer - Java & Open Source (Private & FS)","Version 1"
"2026-05-18","Senior Proposition Analyst","Royal London"
"2026-05-18","Product Owner","Royal London"
"2026-05-18","Digital Learning and Skills Officer","Scottish Courts and Tribunals Service"
"2026-05-18","Test Systems Design Engineer","hackajob"
"2026-05-18","Senior Architect","iXceed Solutions"
"2026-05-18","Solutions Architect","ASA RECRUITMENT"
"2026-05-18","Assistant Director - Applied AI Engineer","hackajob"
"2026-05-18","Application Support Lead","Stellar Omada"
"2026-05-18","Project Manager (Biometrics) - Remote (UK)","MMS"
"2026-05-18","Strategic Planner Software Defined Vehicles","Keysight Technologies"
"2026-05-18","Investigator","Lloyds Banking Group"
"2026-05-18","Student Opportunities Coordinator (Volunteering Development) - Maternity Cover","Edinburgh University Students' Association"
"2026-05-18","Ecommerce Project Manager","VPZ"
"2026-05-18","Visual Designer (12-Month FTC)","Lloyds Banking Group"
"2026-05-18","AI Training Experts (Freelance - Remote)","Prolific"
"2026-05-18","Systems Engineer - Antenna/Electromagnetic  - All Levels","Leonardo"
"2026-05-18","Microsoft 365 Consultant","Nigel Frank International"
"2026-05-18","Customer Experience Host","s1jobs"
"2026-05-18","Systems Research Engineer","European Tech Recruit"
"2026-05-19","Senior UX Consultant","The Craneware Group"
"2026-05-19","Service Designer","Version 1"
"2026-05-19","Senior Service Designer","Version 1"
"2026-05-20","Delivery Manager","Scott Logic"
"2026-05-20","Senior Web Developer - Tools","Rockstar Games"
"2026-05-20","Senior Interaction Designer","Version 1"
"2026-05-20","Principal Engineer","Royal London"
"2026-05-20","Employee Experience Innovation Analyst","Aon"
"2026-05-21","Junior/Mid UI/UX Designer, Front-End & WordPress","eCoach"
"2026-05-21","Oracle Fusion Cloud Integration & Extension Consultant","Version 1"
"2026-05-21","Full Stack Senior Developer with Dot NET CORE & Angular 16 + ( Mandatory)","WNS"
"2026-05-21","Senior UX Designer","Royal London"
"2026-05-21","Senior UI Designer","M&G"
"2026-05-22","Senior DevOps Database Engineer","Registers of Scotland"
"2026-05-22","Graphic Designer","TBCo"
"2026-05-22","Digital Consultant","Storm ID"
"2026-05-22","Lecturer / Senior Lecturer - School of Information Systems & Technology Management - UNSW Business School","UNSW"
"2026-05-22","Senior UX Designer","Royal London"
"2026-05-23","Senior DevOps Database Engineer","Registers of Scotland"
"2026-05-22","Product Designer","NatWest Group"
"2026-05-22","Service Designer","ePass"
"2026-05-22","Product Owner","ePass"
"2026-05-22","Product Designer","NatWest Group"
"2026-05-22","Product Designer","NatWest Group"
"2026-05-23","Product Designer","National Westminster Bank PLC"
"2026-05-19","Sr Technical Product Manager - Service Improvements, Quality and Escalations","Amazon.com"
"2026-05-23","Sr Technical Product Manager - Service Improvements, Quality and Escalations","Amazon"
"2026-05-23","Sr Technical Product Manager - Service Improvements, Quality and Escalations","Amazon UK Services Ltd."
"2026-05-23","Analytics Consultant","Version 1"
"2026-05-23","Software Development Engineer, Amazon Ads CreativeX","Amazon"
"2026-05-24","Senior User Researcher","Version 1"
"2026-05-25","Lecturer / Senior Lecturer - School of Information Systems & Technology Management - UNSW Business School","UNSW"
"2026-05-25","Content Designer, CRM","Skyscanner"
"2026-05-26","Graphic Designer","Prefix Solutions Ltd"
"2026-05-26","Product Owner","System C"
"2026-05-26","Graphic Content Creator","RED FOX DESIGN"
"2026-05-26","Graphic Content Creator","Red Fox Design"
